driver_id,driver_name,date,route_id,vehicle_id,shift,trip_distance,trip_duration,speed,braking_events,harsh_turns,delays_minutes,behavioral_problems,speeding,violations,aggressive_incidents,driver_rating
D004,Driver_4,2025-01-04,R1,V9,morning,38.4,33,29.8,3,0,0,3,False,0,False,4.4
D019,Driver_19,2025-02-24,R5,V1,night,6.4,22,36.3,0,0,11,0,False,0,False,4.67
D007,Driver_7,2025-03-25,R3,V1,morning,36.6,46,51.4,3,2,3,3,False,2,False,4.01
D014,Driver_14,2025-02-13,R1,V2,afternoon,17.5,31,73.4,0,0,16,0,True,1,False,4.37
D004,Driver_4,2025-02-15,R4,V9,morning,43.1,60,76.5,1,1,26,1,True,2,False,3.72
D013,Driver_13,2025-01-11,R3,V10,morning,29.8,77,63.3,1,0,48,1,True,1,False,3.21
D003,Driver_3,2025-01-06,R2,V2,afternoon,34.8,72,89.0,1,1,48,1,True,2,False,3.06
D009,Driver_9,2025-02-28,R2,V5,night,33.6,42,45.9,2,1,0,2,False,1,False,4.45
D003,Driver_3,2025-03-19,R4,V7,afternoon,33.6,55,37.1,0,3,0,0,False,3,False,4.55
D018,Driver_18,2025-01-29,R2,V1,afternoon,35.8,78,74.3,0,1,49,0,True,2,False,3.23
D013,Driver_13,2025-02-04,R3,V4,night,8.0,83,59.7,0,1,74,0,False,1,False,2.63
D016,Driver_16,2025-02-20,R2,V4,night,44.8,63,30.0,2,0,0,2,False,0,False,4.6
D018,Driver_18,2025-03-10,R4,V6,morning,16.8,58,82.8,2,5,45,2,True,6,False,2.35
D005,Driver_5,2025-03-07,R2,V3,night,27.2,71,80.3,0,0,50,0,True,1,False,3.35
D014,Driver_14,2025-03-18,R5,V5,night,7.9,43,89.7,0,0,37,0,True,1,False,3.74
D001,Driver_1,2025-03-29,R3,V6,morning,37.4,66,57.6,1,1,27,1,False,1,False,3.84
D010,Driver_10,2025-02-25,R3,V9,morning,12.1,15,70.5,1,0,4,1,True,1,False,4.53
D017,Driver_17,2025-01-14,R5,V4,morning,44.2,37,64.7,1,2,0,1,True,3,False,4.35
D012,Driver_12,2025-01-21,R1,V10,afternoon,29.3,73,57.1,0,3,42,0,False,3,False,3.29
D016,Driver_16,2025-01-03,R3,V4,morning,10.0,42,89.0,0,0,35,0,True,1,False,3.8
D008,Driver_8,2025-03-14,R1,V9,morning,47.6,21,54.0,0,2,0,0,False,2,False,4.7
D005,Driver_5,2025-03-26,R5,V7,morning,26.4,56,38.6,0,0,14,0,False,0,False,4.58
D018,Driver_18,2025-03-30,R3,V8,night,14.1,38,89.7,2,2,28,2,True,3,False,3.31
D015,Driver_15,2025-01-16,R5,V4,night,16.2,19,21.5,4,1,0,4,False,1,False,4.05
D008,Driver_8,2025-01-01,R1,V6,morning,8.2,62,36.0,0,0,48,0,False,0,False,3.56
D017,Driver_17,2025-01-31,R5,V10,afternoon,17.5,51,57.7,0,1,32,0,False,1,False,3.89
D008,Driver_8,2025-03-02,R4,V6,afternoon,41.3,29,26.8,2,1,0,2,False,1,False,4.45
D014,Driver_14,2025-03-01,R1,V1,afternoon,43.9,19,65.7,1,0,0,1,True,1,False,4.65
D011,Driver_11,2025-01-14,R4,V3,afternoon,16.2,29,51.4,0,4,10,0,False,4,False,4.1
D015,Driver_15,2025-02-01,R5,V2,morning,44.4,20,76.6,0,3,0,0,True,4,False,4.4
D018,Driver_18,2025-01-02,R2,V7,afternoon,48.6,84,79.4,1,0,47,1,True,1,False,3.24
D016,Driver_16,2025-01-28,R1,V7,afternoon,43.9,82,31.5,3,1,0,3,False,1,False,4.25
D015,Driver_15,2025-02-06,R5,V8,morning,24.0,86,89.7,0,0,69,0,True,1,False,2.78
D007,Driver_7,2025-02-07,R1,V6,morning,14.8,19,71.5,2,1,6,2,True,2,False,4.12
D002,Driver_2,2025-03-16,R1,V9,morning,26.5,83,57.2,3,1,55,3,False,1,False,2.6
D006,Driver_6,2025-01-09,R1,V10,morning,31.8,65,36.5,1,1,12,1,False,1,False,4.29
D019,Driver_19,2025-03-18,R5,V9,afternoon,6.8,21,66.0,0,0,14,0,True,1,False,4.43
D009,Driver_9,2025-01-27,R2,V5,afternoon,35.1,38,38.6,1,0,0,1,False,0,False,4.8
D011,Driver_11,2025-01-10,R1,V2,night,5.4,61,59.4,2,2,55,2,False,2,False,2.65
D007,Driver_7,2025-03-06,R2,V6,afternoon,16.9,84,81.7,2,1,71,2,True,2,False,2.17
D006,Driver_6,2025-02-26,R5,V1,night,42.5,67,62.8,0,1,26,0,True,2,False,3.92
D018,Driver_18,2025-02-08,R3,V2,morning,46.9,22,81.5,0,0,0,0,True,1,False,4.85
D018,Driver_18,2025-01-20,R2,V5,night,17.3,60,70.2,2,1,45,2,True,2,False,2.95
D016,Driver_16,2025-02-02,R4,V5,morning,45.7,78,26.5,1,1,0,1,False,1,False,4.65
D001,Driver_1,2025-02-12,R4,V9,night,39.7,62,38.3,1,0,0,1,False,0,False,4.8
D014,Driver_14,2025-03-13,R2,V9,morning,5.4,20,81.8,0,2,16,0,True,3,False,4.07
D012,Driver_12,2025-03-16,R3,V1,afternoon,29.9,47,22.9,3,0,0,3,False,0,False,4.4
D007,Driver_7,2025-03-29,R4,V10,night,16.2,22,74.6,0,3,8,0,True,4,False,4.16
D005,Driver_5,2025-01-31,R4,V1,morning,43.9,88,76.8,3,2,53,3,True,3,True,1.86
D011,Driver_11,2025-02-22,R3,V3,night,41.1,79,76.8,0,2,46,0,True,3,False,3.17
D004,Driver_4,2025-02-18,R4,V6,afternoon,44.2,79,35.6,0,1,4,0,False,1,False,4.73
D008,Driver_8,2025-01-29,R1,V5,afternoon,6.1,29,43.0,0,2,20,0,False,2,False,4.1
D017,Driver_17,2025-02-21,R1,V2,afternoon,35.6,78,43.2,1,0,28,1,False,0,False,3.96
D006,Driver_6,2025-03-16,R4,V6,night,48.3,34,27.6,2,2,0,2,False,2,False,4.3
D011,Driver_11,2025-02-25,R5,V4,afternoon,32.3,53,47.0,0,0,11,0,False,0,False,4.67
D002,Driver_2,2025-02-25,R2,V6,afternoon,5.1,84,57.7,1,2,78,1,False,2,False,2.16
D003,Driver_3,2025-03-27,R1,V5,night,46.4,61,66.4,3,1,19,3,True,2,False,3.53
D010,Driver_10,2025-03-27,R2,V4,afternoon,23.4,45,40.7,1,0,10,1,False,0,False,4.5
D013,Driver_13,2025-03-28,R4,V9,morning,38.7,28,59.8,1,3,0,1,False,3,False,4.35
D010,Driver_10,2025-02-06,R3,V8,afternoon,14.5,73,62.5,0,4,59,0,True,5,False,2.48
D015,Driver_15,2025-03-28,R2,V2,afternoon,14.6,50,83.1,1,1,39,1,True,2,False,3.33
D017,Driver_17,2025-03-26,R2,V5,morning,33.5,40,77.3,0,2,13,0,True,3,False,4.16
D007,Driver_7,2025-01-19,R1,V8,afternoon,6.1,33,53.3,1,2,26,1,False,2,False,3.72
D019,Driver_19,2025-01-25,R2,V1,morning,37.3,43,48.0,4,0,0,4,False,0,False,4.2
D014,Driver_14,2025-01-29,R1,V9,morning,12.9,86,56.3,2,3,72,2,False,3,False,1.99
D004,Driver_4,2025-02-28,R5,V10,afternoon,11.0,49,57.2,5,1,37,5,False,1,False,2.74
D015,Driver_15,2025-03-20,R5,V8,morning,41.7,81,49.9,1,1,30,1,False,1,False,3.75
D016,Driver_16,2025-02-27,R5,V8,night,16.7,33,64.6,1,0,17,1,True,1,False,4.14
D008,Driver_8,2025-02-05,R3,V6,night,24.8,68,36.4,0,1,27,0,False,1,False,4.04
D003,Driver_3,2025-01-18,R2,V2,afternoon,11.8,43,30.7,0,2,19,0,False,2,False,4.13
D014,Driver_14,2025-02-12,R4,V7,night,29.4,46,34.5,1,0,0,1,False,0,False,4.8
D001,Driver_1,2025-03-15,R4,V7,night,22.1,15,44.6,2,2,0,2,False,2,False,4.3
D018,Driver_18,2025-03-19,R4,V1,afternoon,45.4,51,39.1,2,1,0,2,False,1,False,4.45
D011,Driver_11,2025-03-27,R4,V3,night,35.6,45,31.6,0,3,0,0,False,3,False,4.55
D018,Driver_18,2025-01-04,R1,V7,morning,45.8,59,66.4,0,0,17,0,True,1,False,4.34
D015,Driver_15,2025-01-24,R3,V6,afternoon,7.3,43,34.8,1,2,30,1,False,2,False,3.6
D009,Driver_9,2025-02-23,R5,V1,afternoon,16.4,21,21.4,4,0,0,4,False,0,False,4.2
D008,Driver_8,2025-03-25,R1,V4,morning,8.1,86,22.8,2,0,64,2,False,0,False,2.68
D001,Driver_1,2025-03-21,R5,V4,afternoon,11.9,24,66.9,0,0,13,0,True,1,False,4.46
D009,Driver_9,2025-02-17,R1,V3,afternoon,12.6,60,72.4,3,1,49,3,True,2,True,2.13
D004,Driver_4,2025-03-16,R4,V7,night,6.2,38,67.4,0,1,32,0,True,2,False,3.74
D007,Driver_7,2025-01-10,R3,V10,morning,31.6,77,37.0,2,1,25,2,False,1,False,3.7
D019,Driver_19,2025-01-06,R5,V6,morning,20.6,47,45.9,3,0,20,3,False,0,False,3.8
D014,Driver_14,2025-03-04,R4,V3,afternoon,9.7,87,64.5,1,2,77,1,True,3,False,2.04
D006,Driver_6,2025-03-08,R5,V8,afternoon,48.4,35,76.6,2,2,0,2,True,3,False,4.15
D014,Driver_14,2025-03-17,R1,V5,afternoon,17.1,78,78.2,2,0,64,2,True,1,False,2.53
D008,Driver_8,2025-03-01,R4,V6,morning,30.6,65,43.5,0,0,22,0,False,0,False,4.34
D016,Driver_16,2025-01-28,R5,V5,night,21.0,34,39.6,0,1,2,0,False,1,False,4.79
D001,Driver_1,2025-03-08,R4,V9,morning,47.7,21,70.4,2,1,0,2,True,2,False,4.3
D016,Driver_16,2025-03-24,R3,V4,afternoon,37.0,48,21.2,0,3,0,0,False,3,False,4.55
D008,Driver_8,2025-02-09,R3,V7,night,34.9,42,58.7,2,3,6,2,False,3,False,3.97
D018,Driver_18,2025-02-12,R2,V2,night,20.8,49,41.5,2,2,18,2,False,2,False,3.76
D007,Driver_7,2025-02-10,R2,V4,morning,10.4,55,73.4,2,3,46,2,True,4,False,2.62
D016,Driver_16,2025-02-05,R3,V2,morning,37.6,88,56.7,2,1,48,2,False,1,False,3.01
D010,Driver_10,2025-01-30,R2,V5,morning,21.2,37,69.6,3,1,18,3,True,2,False,3.56
D002,Driver_2,2025-03-12,R4,V2,morning,18.1,85,64.7,1,3,68,1,True,4,False,2.16
D019,Driver_19,2025-02-06,R1,V5,afternoon,26.1,48,32.9,0,1,0,0,False,1,False,4.85
D004,Driver_4,2025-01-09,R1,V3,morning,23.0,20,64.1,2,0,0,2,True,1,False,4.45
D019,Driver_19,2025-02-08,R4,V10,night,8.8,33,59.1,0,0,24,0,False,0,False,4.28
D020,Driver_20,2025-01-29,R3,V10,afternoon,39.9,43,83.6,2,0,14,2,True,1,False,4.03
D010,Driver_10,2025-03-14,R2,V4,afternoon,32.9,60,71.8,1,2,32,1,True,3,False,3.39
D003,Driver_3,2025-01-21,R4,V8,night,15.8,56,31.0,0,2,25,0,False,2,False,3.95
D020,Driver_20,2025-03-02,R4,V2,night,18.1,32,69.5,4,0,16,4,True,1,False,3.57
D008,Driver_8,2025-02-03,R2,V7,morning,40.5,61,66.3,2,1,24,2,True,2,False,3.58
D018,Driver_18,2025-01-29,R1,V1,morning,34.1,83,77.9,1,1,56,1,True,2,False,2.82
D010,Driver_10,2025-03-18,R1,V8,night,38.7,57,40.2,0,0,0,0,False,0,False,5.0
D010,Driver_10,2025-03-31,R4,V2,night,23.1,35,57.8,4,0,11,4,False,0,False,3.87
D002,Driver_2,2025-02-25,R2,V10,night,38.1,60,21.8,1,1,0,1,False,1,False,4.65
D001,Driver_1,2025-03-28,R2,V8,night,42.0,58,73.4,1,3,23,1,True,4,False,3.51
D015,Driver_15,2025-02-05,R4,V2,afternoon,13.2,58,64.4,3,1,45,3,True,2,False,2.75
D012,Driver_12,2025-02-22,R3,V7,night,20.0,65,80.0,3,0,50,3,True,1,True,2.25
D016,Driver_16,2025-02-06,R1,V8,morning,34.8,45,73.2,4,0,16,4,True,1,True,3.07
D011,Driver_11,2025-02-02,R5,V1,night,19.5,87,48.3,1,1,62,1,False,1,False,2.79
D018,Driver_18,2025-03-01,R4,V8,morning,23.6,29,45.3,4,2,0,4,False,2,False,3.9
D007,Driver_7,2025-02-04,R4,V2,morning,29.7,84,50.7,5,2,48,5,False,2,False,2.26
D020,Driver_20,2025-01-31,R4,V2,morning,36.9,38,21.0,0,1,0,0,False,1,False,4.85
D004,Driver_4,2025-03-01,R3,V9,night,47.6,63,30.8,1,1,0,1,False,1,False,4.65
D009,Driver_9,2025-02-23,R5,V3,afternoon,42.6,88,37.1,4,0,19,4,False,0,False,3.63
D007,Driver_7,2025-03-18,R3,V7,afternoon,27.9,80,80.5,0,5,59,0,True,6,False,2.33
D017,Driver_17,2025-02-04,R5,V10,night,41.9,36,40.9,2,1,0,2,False,1,False,4.45
D016,Driver_16,2025-01-20,R5,V7,afternoon,25.1,51,43.3,2,2,16,2,False,2,False,3.82
D011,Driver_11,2025-01-25,R4,V1,afternoon,49.1,32,46.8,0,1,0,0,False,1,False,4.85
D016,Driver_16,2025-02-18,R2,V8,morning,22.4,64,77.5,3,2,46,3,True,3,True,2.07
D005,Driver_5,2025-03-06,R4,V2,night,48.4,39,27.0,0,0,0,0,False,0,False,5.0
D015,Driver_15,2025-01-02,R2,V2,afternoon,37.5,45,65.8,3,0,10,3,True,1,False,3.95
D009,Driver_9,2025-02-13,R3,V9,afternoon,33.0,44,25.6,0,0,0,0,False,0,False,5.0
D011,Driver_11,2025-03-22,R1,V10,morning,37.3,71,81.1,2,1,43,2,True,2,False,3.01
D008,Driver_8,2025-03-22,R1,V7,morning,35.8,36,35.9,2,3,0,2,False,3,False,4.15
D004,Driver_4,2025-02-26,R3,V1,afternoon,12.5,37,22.0,2,2,2,2,False,2,False,4.24
D012,Driver_12,2025-02-17,R2,V3,morning,24.4,33,48.8,1,0,3,1,False,0,False,4.71
D003,Driver_3,2025-03-20,R5,V3,morning,44.2,61,36.9,0,0,0,0,False,0,False,5.0
D015,Driver_15,2025-03-23,R4,V5,night,16.4,34,20.7,0,0,0,0,False,0,False,5.0
D018,Driver_18,2025-01-21,R3,V7,night,8.3,85,89.1,0,1,79,0,True,2,False,2.33
D009,Driver_9,2025-02-28,R4,V2,morning,43.0,29,46.9,2,1,0,2,False,1,False,4.45
D013,Driver_13,2025-03-15,R1,V7,afternoon,21.2,37,68.9,0,0,18,0,True,1,False,4.31
D001,Driver_1,2025-03-14,R5,V8,afternoon,43.9,73,88.2,0,0,43,0,True,1,False,3.56
D008,Driver_8,2025-03-19,R3,V3,night,41.1,31,33.3,0,0,0,0,False,0,False,5.0
D004,Driver_4,2025-03-22,R5,V6,night,34.1,38,50.9,0,1,0,0,False,1,False,4.85
D005,Driver_5,2025-01-12,R2,V3,night,45.9,39,49.1,1,1,0,1,False,1,False,4.65
D012,Driver_12,2025-03-09,R4,V5,night,27.6,35,31.5,2,2,0,2,False,2,False,4.3
D011,Driver_11,2025-01-15,R2,V7,night,26.1,20,72.8,2,0,0,2,True,1,False,4.45
D012,Driver_12,2025-01-12,R4,V6,night,40.6,16,57.6,0,1,0,0,False,1,False,4.85
D009,Driver_9,2025-03-16,R2,V8,morning,22.1,62,46.0,2,1,33,2,False,1,False,3.46
D020,Driver_20,2025-03-13,R4,V5,night,19.8,60,65.3,1,2,41,1,True,3,False,3.12
D014,Driver_14,2025-01-15,R4,V2,morning,11.3,85,41.3,0,1,68,0,False,1,False,2.81
D008,Driver_8,2025-03-10,R5,V7,night,11.1,49,66.9,1,1,39,1,True,2,False,3.33
D005,Driver_5,2025-02-23,R3,V1,night,34.5,77,63.1,1,0,44,1,True,1,False,3.33
D012,Driver_12,2025-01-28,R1,V6,night,25.0,86,79.9,0,2,67,0,True,3,False,2.54
D012,Driver_12,2025-01-08,R4,V2,night,22.9,29,28.6,2,1,0,2,False,1,False,4.45
D007,Driver_7,2025-03-24,R3,V4,morning,33.8,87,23.5,2,0,0,2,False,0,False,4.6
D019,Driver_19,2025-01-27,R2,V4,afternoon,8.1,72,34.5,2,0,57,2,False,0,False,2.89
D005,Driver_5,2025-03-18,R2,V9,afternoon,5.1,79,30.1,2,0,68,2,False,0,False,2.56
D006,Driver_6,2025-01-15,R2,V10,afternoon,34.7,16,21.0,0,0,0,0,False,0,False,5.0
D001,Driver_1,2025-01-23,R1,V2,afternoon,16.9,24,49.5,0,0,3,0,False,0,False,4.91
D015,Driver_15,2025-02-16,R5,V1,night,28.1,23,55.3,1,1,0,1,False,1,False,4.65
D017,Driver_17,2025-02-08,R4,V7,afternoon,25.6,87,24.3,1,1,23,1,False,1,False,3.96
D004,Driver_4,2025-03-04,R3,V10,morning,37.1,48,82.9,4,0,21,4,True,1,True,2.92
D003,Driver_3,2025-01-17,R3,V7,night,17.4,62,58.4,3,0,44,3,False,0,False,3.08
D017,Driver_17,2025-02-07,R1,V9,night,25.4,60,26.9,1,0,3,1,False,0,False,4.71
D007,Driver_7,2025-02-25,R4,V7,afternoon,25.3,32,43.7,1,0,0,1,False,0,False,4.8
D004,Driver_4,2025-02-10,R2,V8,morning,24.2,64,46.2,0,1,32,0,False,1,False,3.89
D003,Driver_3,2025-01-11,R2,V9,morning,9.2,22,71.7,1,1,14,1,True,2,False,4.08
D019,Driver_19,2025-03-13,R4,V1,afternoon,30.3,65,48.8,0,0,27,0,False,0,False,4.19
D020,Driver_20,2025-02-09,R4,V4,morning,20.8,58,34.9,0,0,22,0,False,0,False,4.34
D012,Driver_12,2025-03-13,R4,V9,night,21.5,72,60.2,3,2,50,3,True,3,False,2.45
D020,Driver_20,2025-03-28,R3,V1,morning,33.9,16,85.0,1,0,0,1,True,1,False,4.65
D009,Driver_9,2025-03-31,R2,V3,night,39.3,84,44.6,3,2,31,3,False,2,False,3.17
D013,Driver_13,2025-01-09,R5,V4,afternoon,11.4,62,22.1,0,2,31,0,False,2,False,3.77
D014,Driver_14,2025-02-28,R5,V10,morning,20.3,42,70.5,0,1,24,0,True,2,False,3.98
D002,Driver_2,2025-01-20,R3,V8,night,12.1,61,67.2,0,0,50,0,True,1,False,3.35
D014,Driver_14,2025-03-04,R5,V2,afternoon,32.3,46,35.1,3,1,0,3,False,1,False,4.25
D014,Driver_14,2025-01-15,R3,V1,morning,17.7,65,54.1,2,1,45,2,False,1,False,3.1
D013,Driver_13,2025-03-18,R2,V5,afternoon,7.5,30,86.2,2,1,24,2,True,2,False,3.58
D011,Driver_11,2025-01-16,R4,V9,night,5.3,71,32.3,3,2,61,3,False,2,False,2.27
D008,Driver_8,2025-03-06,R4,V1,afternoon,30.1,65,44.8,0,2,24,0,False,2,False,3.98
D001,Driver_1,2025-02-28,R5,V7,night,46.5,79,60.3,2,0,32,2,True,1,False,3.49
D014,Driver_14,2025-02-07,R5,V8,night,10.2,16,42.7,1,0,1,1,False,0,False,4.77
D012,Driver_12,2025-01-12,R4,V9,morning,24.7,22,50.5,3,1,0,3,False,1,False,4.25
D013,Driver_13,2025-02-09,R1,V9,night,38.6,31,74.5,1,1,0,1,True,2,False,4.5
D004,Driver_4,2025-03-09,R2,V4,morning,27.9,82,44.5,0,0,44,0,False,0,False,3.68
D005,Driver_5,2025-02-02,R1,V3,night,13.9,60,73.2,4,0,48,4,True,1,True,2.11
D016,Driver_16,2025-03-01,R5,V10,afternoon,39.0,71,51.4,1,2,25,1,False,2,False,3.75
D011,Driver_11,2025-01-20,R3,V10,morning,24.8,50,64.2,2,1,26,2,True,2,False,3.52
D012,Driver_12,2025-03-06,R3,V5,morning,8.3,49,22.6,1,3,26,1,False,3,False,3.57
D003,Driver_3,2025-03-20,R1,V8,night,31.7,43,60.6,2,1,11,2,True,2,False,3.97
D007,Driver_7,2025-02-11,R4,V2,afternoon,32.2,52,87.0,4,0,29,4,True,1,True,2.68
D003,Driver_3,2025-03-06,R4,V9,night,34.1,17,69.5,2,3,0,2,True,4,False,4.0
D020,Driver_20,2025-01-21,R3,V10,morning,21.4,83,47.1,1,0,55,1,False,0,False,3.15
D011,Driver_11,2025-01-09,R3,V10,morning,19.8,56,47.1,1,0,30,1,False,0,False,3.9
D011,Driver_11,2025-01-11,R4,V3,night,31.2,25,44.5,1,1,0,1,False,1,False,4.65
D003,Driver_3,2025-02-09,R2,V9,morning,30.2,63,43.0,2,0,20,2,False,0,False,4.0
D014,Driver_14,2025-03-07,R2,V6,afternoon,21.3,42,32.6,1,0,2,1,False,0,False,4.74
D007,Driver_7,2025-01-29,R1,V9,night,50.0,26,40.7,1,1,0,1,False,1,False,4.65
D017,Driver_17,2025-01-05,R5,V7,morning,34.8,80,63.3,2,1,47,2,True,2,False,2.89
D006,Driver_6,2025-01-24,R2,V8,morning,42.4,72,76.6,1,1,38,1,True,2,False,3.36
D014,Driver_14,2025-02-16,R3,V8,morning,35.4,32,51.1,3,1,0,3,False,1,False,4.25
D018,Driver_18,2025-01-31,R2,V6,night,18.9,75,52.8,1,0,53,1,False,0,False,3.21
D019,Driver_19,2025-02-26,R5,V7,morning,25.8,36,46.7,0,1,2,0,False,1,False,4.79
D007,Driver_7,2025-03-19,R3,V9,morning,11.2,33,64.9,0,1,22,0,True,2,False,4.04
D017,Driver_17,2025-01-16,R5,V3,afternoon,17.8,72,39.1,2,1,44,2,False,1,False,3.13
D003,Driver_3,2025-01-29,R4,V1,afternoon,41.8,81,85.1,0,2,51,0,True,3,False,3.02
D017,Driver_17,2025-02-17,R1,V6,morning,15.6,89,46.2,1,1,68,1,False,1,False,2.61
D011,Driver_11,2025-01-19,R2,V8,afternoon,11.2,36,78.1,0,2,27,0,True,3,False,3.74
D020,Driver_20,2025-01-01,R2,V9,night,45.8,16,35.1,0,0,0,0,False,0,False,5.0
D020,Driver_20,2025-03-09,R1,V1,morning,24.0,73,36.6,1,0,33,1,False,0,False,3.81
D014,Driver_14,2025-03-23,R4,V10,night,40.7,49,27.8,1,1,0,1,False,1,False,4.65
D001,Driver_1,2025-03-22,R4,V1,night,28.2,33,30.1,0,0,0,0,False,0,False,5.0
D012,Driver_12,2025-01-31,R5,V6,morning,30.7,29,66.8,3,1,1,3,True,2,False,4.07
D017,Driver_17,2025-03-11,R4,V8,morning,27.8,89,58.8,2,0,60,2,False,0,False,2.8
D013,Driver_13,2025-02-17,R3,V4,night,16.4,16,75.2,0,0,2,0,True,1,False,4.79
D004,Driver_4,2025-03-16,R5,V6,night,38.1,39,23.1,0,1,0,0,False,1,False,4.85
D006,Driver_6,2025-03-29,R2,V2,night,25.9,67,64.2,3,1,42,3,True,2,False,2.84
D015,Driver_15,2025-01-05,R1,V6,afternoon,18.2,18,34.0,1,1,0,1,False,1,False,4.65
D017,Driver_17,2025-02-20,R2,V5,afternoon,49.5,55,37.7,1,2,0,1,False,2,False,4.5
D002,Driver_2,2025-03-25,R4,V8,afternoon,19.9,24,45.8,4,0,0,4,False,0,False,4.2
D011,Driver_11,2025-01-24,R5,V5,morning,27.3,52,84.7,1,1,32,1,True,2,False,3.54
D014,Driver_14,2025-01-11,R3,V6,morning,24.4,89,32.6,0,3,44,0,False,3,False,3.23
D003,Driver_3,2025-02-11,R4,V3,night,34.7,37,62.2,1,1,3,1,True,2,False,4.41
D015,Driver_15,2025-02-14,R5,V7,afternoon,25.1,69,83.8,1,1,51,1,True,2,False,2.97
D002,Driver_2,2025-01-10,R2,V1,morning,35.2,45,55.9,1,0,7,1,False,0,False,4.59
D020,Driver_20,2025-03-28,R3,V6,afternoon,40.2,17,24.7,0,3,0,0,False,3,False,4.55
D019,Driver_19,2025-01-05,R3,V8,morning,32.2,65,86.4,1,2,42,1,True,3,False,3.09
D019,Driver_19,2025-01-18,R2,V2,morning,28.8,44,65.5,1,0,17,1,True,1,False,4.14
D006,Driver_6,2025-03-05,R3,V8,morning,28.3,83,28.2,1,1,22,1,False,1,False,3.99
D020,Driver_20,2025-02-06,R2,V2,afternoon,36.2,89,34.0,1,0,25,1,False,0,False,4.05
D006,Driver_6,2025-02-26,R3,V6,night,49.9,75,87.7,1,1,40,1,True,2,False,3.3
D003,Driver_3,2025-03-12,R2,V6,night,29.4,81,79.6,3,0,58,3,True,1,True,2.01
D008,Driver_8,2025-01-16,R4,V1,afternoon,49.3,74,36.6,1,0,0,1,False,0,False,4.8
D018,Driver_18,2025-03-15,R5,V2,morning,21.6,75,58.6,2,1,52,2,False,1,False,2.89
D010,Driver_10,2025-02-20,R4,V10,morning,50.0,68,56.8,0,1,15,0,False,1,False,4.4
D005,Driver_5,2025-02-10,R3,V3,night,33.9,48,67.6,2,3,17,2,True,4,False,3.49
D019,Driver_19,2025-01-24,R1,V2,night,39.6,24,55.2,1,0,0,1,False,0,False,4.8
D005,Driver_5,2025-02-08,R3,V9,afternoon,12.4,39,69.7,1,2,28,1,True,3,False,3.51
D003,Driver_3,2025-02-02,R3,V10,night,13.8,86,39.2,4,2,64,4,False,2,False,1.98
D003,Driver_3,2025-03-06,R2,V10,night,33.8,59,60.6,1,2,25,1,True,3,False,3.6
D020,Driver_20,2025-02-13,R1,V2,morning,42.9,57,77.8,2,2,23,2,True,3,False,3.46
D019,Driver_19,2025-02-03,R1,V8,night,34.3,72,49.2,1,4,30,1,False,4,False,3.3
D018,Driver_18,2025-02-07,R4,V5,afternoon,33.9,37,37.1,3,1,0,3,False,1,False,4.25
D003,Driver_3,2025-03-30,R2,V6,night,7.7,47,53.9,0,0,38,0,False,0,False,3.86
D005,Driver_5,2025-02-10,R3,V7,morning,43.8,38,89.2,2,0,8,2,True,1,False,4.21
D012,Driver_12,2025-03-07,R3,V8,morning,30.3,38,52.7,1,1,3,1,False,1,False,4.56
D005,Driver_5,2025-01-13,R4,V4,morning,7.3,85,80.5,3,0,79,3,True,1,True,1.38
D011,Driver_11,2025-03-15,R5,V8,afternoon,37.5,29,31.2,1,3,0,1,False,3,False,4.35
D010,Driver_10,2025-03-05,R2,V4,night,6.0,85,55.4,3,1,78,3,False,1,False,1.91
D012,Driver_12,2025-01-07,R4,V5,night,7.3,52,81.8,4,1,46,4,True,2,True,2.02
D001,Driver_1,2025-01-14,R4,V6,morning,24.4,81,70.9,0,0,60,0,True,1,False,3.05
D013,Driver_13,2025-01-07,R1,V7,night,30.7,29,58.7,1,0,0,1,False,0,False,4.8
D015,Driver_15,2025-03-12,R1,V3,morning,17.6,89,67.6,0,0,73,0,True,1,False,2.66
D013,Driver_13,2025-02-17,R2,V4,night,40.8,40,85.7,2,1,11,2,True,2,False,3.97
D017,Driver_17,2025-02-21,R3,V8,night,27.5,18,29.6,2,1,0,2,False,1,False,4.45
D015,Driver_15,2025-01-20,R5,V6,morning,32.3,53,43.0,3,1,7,3,False,1,False,4.04
D013,Driver_13,2025-03-20,R5,V9,afternoon,38.3,37,43.5,3,0,0,3,False,0,False,4.4
D019,Driver_19,2025-02-08,R1,V7,night,26.4,16,43.2,0,0,0,0,False,0,False,5.0
D010,Driver_10,2025-03-30,R5,V10,morning,33.3,59,38.6,0,1,7,0,False,1,False,4.64
D002,Driver_2,2025-03-16,R4,V3,night,26.6,54,70.5,0,4,31,0,True,5,False,3.32
D008,Driver_8,2025-01-05,R4,V6,afternoon,30.8,67,33.4,2,0,11,2,False,0,False,4.27
D005,Driver_5,2025-02-22,R4,V1,night,36.1,45,74.2,1,0,15,1,True,1,False,4.2
D005,Driver_5,2025-03-08,R5,V7,afternoon,14.3,39,66.4,2,0,26,2,True,1,False,3.67
D006,Driver_6,2025-02-28,R3,V10,afternoon,46.0,40,44.8,2,5,0,2,False,5,False,3.85
D007,Driver_7,2025-02-01,R3,V5,night,17.6,37,85.9,0,1,24,0,True,2,False,3.98
D007,Driver_7,2025-03-30,R3,V5,morning,36.7,38,44.4,1,1,0,1,False,1,False,4.65
D019,Driver_19,2025-03-28,R3,V3,afternoon,29.4,82,47.6,0,1,44,0,False,1,False,3.53
D002,Driver_2,2025-02-06,R3,V8,morning,48.0,20,84.7,2,2,0,2,True,3,False,4.15
D007,Driver_7,2025-03-10,R1,V10,night,17.2,57,39.0,2,4,30,2,False,4,False,3.1
D019,Driver_19,2025-01-31,R2,V1,morning,15.9,65,57.2,4,1,48,4,False,1,False,2.61
D014,Driver_14,2025-02-12,R1,V9,morning,37.3,22,74.0,2,1,0,2,True,2,False,4.3
D014,Driver_14,2025-03-25,R2,V5,afternoon,47.1,80,53.4,2,2,27,2,False,2,False,3.49
D010,Driver_10,2025-03-24,R2,V9,night,7.7,72,65.7,0,0,64,0,True,1,False,2.93
D002,Driver_2,2025-01-23,R1,V7,afternoon,23.8,77,85.4,3,1,60,3,True,2,True,1.8
D006,Driver_6,2025-02-07,R1,V6,afternoon,44.5,15,59.8,1,3,0,1,False,3,False,4.35
D015,Driver_15,2025-03-24,R5,V8,afternoon,29.4,52,85.7,2,2,31,2,True,3,False,3.22
D007,Driver_7,2025-01-15,R2,V1,night,19.9,69,65.4,1,0,50,1,True,1,False,3.15
D011,Driver_11,2025-02-07,R4,V7,night,30.6,71,32.3,1,1,14,1,False,1,False,4.23
D011,Driver_11,2025-01-12,R4,V6,morning,23.0,22,88.7,4,1,6,4,True,2,True,3.22
D001,Driver_1,2025-02-03,R3,V5,night,22.3,48,38.7,0,0,13,0,False,0,False,4.61
D019,Driver_19,2025-01-02,R1,V8,afternoon,16.8,41,36.5,3,0,13,3,False,0,False,4.01
D006,Driver_6,2025-02-21,R3,V2,night,35.9,84,82.1,2,0,57,2,True,1,False,2.74
D010,Driver_10,2025-02-17,R2,V8,night,32.7,31,29.3,2,0,0,2,False,0,False,4.6
D020,Driver_20,2025-02-17,R5,V4,morning,23.7,56,53.0,2,1,29,2,False,1,False,3.58
D020,Driver_20,2025-01-11,R5,V2,morning,28.6,54,45.3,2,1,16,2,False,1,False,3.97
D018,Driver_18,2025-03-06,R5,V8,morning,14.1,55,31.5,2,1,28,2,False,1,False,3.61
D007,Driver_7,2025-03-16,R1,V8,morning,27.0,82,51.2,0,0,50,0,False,0,False,3.5
D017,Driver_17,2025-02-23,R3,V1,afternoon,25.6,19,52.4,2,2,0,2,False,2,False,4.3
D009,Driver_9,2025-01-01,R3,V2,night,38.6,58,23.2,5,0,0,5,False,0,False,4.0
D002,Driver_2,2025-01-09,R2,V3,night,49.4,50,40.1,0,3,0,0,False,3,False,4.55
D014,Driver_14,2025-02-17,R4,V7,morning,49.7,43,80.9,0,0,6,0,True,1,False,4.67
D018,Driver_18,2025-01-18,R5,V7,night,34.4,41,32.5,2,1,0,2,False,1,False,4.45
D005,Driver_5,2025-01-29,R4,V9,afternoon,42.6,71,88.5,1,1,42,1,True,2,False,3.24
D018,Driver_18,2025-02-18,R3,V4,night,42.1,33,44.2,1,0,0,1,False,0,False,4.8
D004,Driver_4,2025-01-05,R1,V4,morning,41.4,46,73.6,1,1,12,1,True,2,False,4.14
D003,Driver_3,2025-01-13,R1,V4,night,31.7,48,67.0,3,1,19,3,True,2,False,3.53
D002,Driver_2,2025-02-21,R1,V3,night,24.8,55,72.8,2,1,34,2,True,2,False,3.28
D010,Driver_10,2025-01-30,R5,V6,morning,41.7,69,42.3,2,0,9,2,False,0,False,4.33
D010,Driver_10,2025-01-19,R3,V1,night,49.4,54,48.9,1,0,0,1,False,0,False,4.8
D019,Driver_19,2025-01-23,R3,V7,night,33.2,47,54.7,0,0,10,0,False,0,False,4.7
D011,Driver_11,2025-03-31,R5,V8,morning,23.7,26,46.4,1,2,0,1,False,2,False,4.5
D008,Driver_8,2025-02-08,R1,V9,afternoon,43.6,25,52.4,0,0,0,0,False,0,False,5.0
D014,Driver_14,2025-03-13,R3,V2,afternoon,28.8,44,37.8,0,2,0,0,False,2,False,4.7
D012,Driver_12,2025-01-12,R4,V10,night,29.1,77,23.6,1,2,3,1,False,2,False,4.41
D002,Driver_2,2025-01-10,R5,V4,afternoon,13.5,72,70.7,2,1,60,2,True,2,False,2.5
D007,Driver_7,2025-02-12,R2,V2,night,18.6,83,34.8,3,1,50,3,False,1,False,2.75
D016,Driver_16,2025-02-01,R2,V9,afternoon,36.3,67,47.8,1,0,21,1,False,0,False,4.17
D010,Driver_10,2025-02-18,R3,V9,afternoon,26.0,63,41.6,1,1,25,1,False,1,False,3.9
D015,Driver_15,2025-01-13,R3,V4,afternoon,41.1,69,73.3,2,2,35,2,True,3,False,3.1
D011,Driver_11,2025-02-22,R1,V5,night,7.1,79,71.9,2,3,73,2,True,4,False,1.81
D019,Driver_19,2025-03-16,R2,V7,night,37.4,37,33.7,1,0,0,1,False,0,False,4.8
D008,Driver_8,2025-03-05,R4,V8,afternoon,29.8,85,43.6,1,3,43,1,False,3,False,3.06
D006,Driver_6,2025-02-15,R5,V1,night,12.6,69,54.2,1,1,55,1,False,1,False,3.0
D002,Driver_2,2025-01-10,R4,V3,night,47.5,65,73.5,2,1,26,2,True,2,False,3.52
D008,Driver_8,2025-01-09,R3,V1,night,36.8,15,55.4,3,2,0,3,False,2,False,4.1
D020,Driver_20,2025-03-03,R4,V1,morning,34.7,16,57.3,3,2,0,3,False,2,False,4.1
D017,Driver_17,2025-02-05,R4,V3,morning,29.1,36,55.2,2,2,4,2,False,2,False,4.18
D004,Driver_4,2025-03-09,R3,V5,afternoon,11.7,29,56.9,2,0,16,2,False,0,False,4.12
D003,Driver_3,2025-02-17,R2,V5,night,48.2,49,37.0,1,2,0,1,False,2,False,4.5
D003,Driver_3,2025-03-25,R4,V7,afternoon,49.6,63,22.2,1,1,0,1,False,1,False,4.65
D018,Driver_18,2025-03-02,R4,V7,night,7.5,15,32.0,2,0,0,2,False,0,False,4.6
D011,Driver_11,2025-03-14,R1,V4,morning,49.0,88,82.6,0,1,52,0,True,2,False,3.14
D019,Driver_19,2025-03-02,R3,V9,night,17.2,84,67.9,2,2,68,2,True,3,False,2.11
D002,Driver_2,2025-01-23,R5,V3,night,46.8,38,87.3,0,0,5,0,True,1,False,4.7
D013,Driver_13,2025-01-10,R4,V9,afternoon,18.5,57,59.7,3,3,38,3,False,3,False,2.81
D013,Driver_13,2025-01-18,R3,V1,morning,40.6,66,25.5,0,0,0,0,False,0,False,5.0
D014,Driver_14,2025-01-30,R5,V7,afternoon,42.7,40,73.8,0,2,5,0,True,3,False,4.4
D001,Driver_1,2025-03-23,R3,V9,afternoon,17.3,89,54.3,0,2,69,0,False,2,False,2.63
D014,Driver_14,2025-01-24,R5,V5,morning,35.6,64,26.0,1,0,0,1,False,0,False,4.8
D003,Driver_3,2025-01-11,R2,V7,afternoon,17.1,43,74.9,2,3,29,2,True,4,False,3.13
D012,Driver_12,2025-01-14,R3,V2,morning,9.1,85,51.1,2,0,74,2,False,0,False,2.38
D003,Driver_3,2025-01-24,R1,V1,morning,24.4,56,55.9,0,0,29,0,False,0,False,4.13
D012,Driver_12,2025-03-12,R4,V1,afternoon,9.2,59,42.7,1,2,46,1,False,2,False,3.12
D014,Driver_14,2025-02-19,R2,V10,night,40.1,69,59.2,3,4,28,3,False,4,False,2.96
D006,Driver_6,2025-03-29,R4,V3,morning,22.1,25,41.1,3,3,0,3,False,3,False,3.95
D006,Driver_6,2025-02-25,R3,V5,morning,17.4,37,74.8,2,0,23,2,True,1,False,3.76
D016,Driver_16,2025-03-18,R1,V7,afternoon,32.8,49,29.5,2,2,0,2,False,2,False,4.3
D020,Driver_20,2025-02-18,R5,V3,afternoon,41.2,39,43.4,4,0,0,4,False,0,False,4.2
D011,Driver_11,2025-03-19,R4,V6,afternoon,47.6,30,42.0,4,1,0,4,False,1,False,4.05
D016,Driver_16,2025-03-15,R4,V6,morning,40.2,39,39.6,1,0,0,1,False,0,False,4.8
D019,Driver_19,2025-01-26,R5,V1,night,31.7,55,67.7,1,1,26,1,True,2,False,3.72
D015,Driver_15,2025-01-27,R4,V8,morning,24.7,36,68.5,1,1,14,1,True,2,False,4.08
D010,Driver_10,2025-01-31,R4,V2,afternoon,16.4,26,49.6,0,2,6,0,False,2,False,4.52
D020,Driver_20,2025-03-03,R4,V9,morning,31.2,55,84.6,1,2,32,1,True,3,False,3.39
D012,Driver_12,2025-03-31,R1,V2,morning,45.3,55,64.7,0,0,12,0,True,1,False,4.49
D012,Driver_12,2025-01-22,R4,V6,afternoon,34.1,18,88.9,1,1,0,1,True,2,False,4.5
D004,Driver_4,2025-01-02,R5,V10,night,9.4,31,72.3,5,0,23,5,True,1,True,2.66
D019,Driver_19,2025-01-29,R5,V9,morning,25.1,44,74.1,0,2,23,0,True,3,False,3.86
D012,Driver_12,2025-01-04,R1,V2,night,26.7,37,84.4,1,1,18,1,True,2,False,3.96
D005,Driver_5,2025-02-14,R4,V6,afternoon,19.0,49,34.5,0,1,15,0,False,1,False,4.4
D004,Driver_4,2025-02-26,R1,V2,morning,37.5,48,24.7,1,2,0,1,False,2,False,4.5
D011,Driver_11,2025-03-24,R2,V9,morning,9.9,75,85.1,2,1,68,2,True,2,False,2.26
D018,Driver_18,2025-01-21,R4,V3,morning,19.9,46,52.3,0,1,23,0,False,1,False,4.16
D014,Driver_14,2025-02-20,R5,V7,afternoon,6.3,61,33.8,2,1,49,2,False,1,False,2.98
D001,Driver_1,2025-01-28,R1,V10,morning,14.3,71,76.6,3,0,59,3,True,1,True,1.98
D018,Driver_18,2025-01-24,R4,V9,night,21.5,29,28.0,5,0,0,5,False,0,False,4.0
D011,Driver_11,2025-03-18,R3,V8,night,22.5,44,28.0,2,1,0,2,False,1,False,4.45
D006,Driver_6,2025-03-28,R1,V3,afternoon,36.8,37,63.0,1,0,1,1,True,1,False,4.62
D004,Driver_4,2025-01-31,R5,V7,afternoon,18.7,28,68.5,3,1,11,3,True,2,False,3.77
D020,Driver_20,2025-01-18,R5,V3,night,30.9,46,54.1,1,2,11,1,False,2,False,4.17
D006,Driver_6,2025-03-04,R5,V1,afternoon,18.0,29,78.9,0,0,15,0,True,1,False,4.4
D001,Driver_1,2025-03-04,R5,V8,afternoon,11.1,76,87.5,2,0,68,2,True,1,False,2.41
D016,Driver_16,2025-02-23,R5,V1,morning,37.0,48,31.7,2,1,0,2,False,1,False,4.45
D010,Driver_10,2025-01-05,R4,V10,night,17.4,55,31.8,2,3,22,2,False,3,False,3.49
D016,Driver_16,2025-03-12,R5,V6,night,28.0,57,38.8,0,2,13,0,False,2,False,4.31
D002,Driver_2,2025-02-26,R2,V5,morning,29.6,89,27.2,0,0,23,0,False,0,False,4.31
D015,Driver_15,2025-02-03,R1,V4,morning,20.7,76,50.7,1,0,51,1,False,0,False,3.27
D019,Driver_19,2025-03-30,R2,V10,morning,20.8,68,64.3,1,0,48,1,True,1,False,3.21
D007,Driver_7,2025-01-27,R5,V9,morning,41.2,57,57.3,1,1,13,1,False,1,False,4.26
D011,Driver_11,2025-02-07,R1,V3,afternoon,18.0,35,80.1,3,0,21,3,True,1,True,3.12
D002,Driver_2,2025-02-05,R2,V3,night,44.0,24,80.6,1,2,0,1,True,3,False,4.35
D011,Driver_11,2025-02-01,R5,V5,night,39.3,65,54.3,2,2,21,2,False,2,False,3.67
D014,Driver_14,2025-02-18,R1,V7,night,25.3,62,81.6,1,1,43,1,True,2,False,3.21
D009,Driver_9,2025-03-30,R3,V10,morning,47.1,42,86.5,2,3,9,2,True,4,False,3.73
D003,Driver_3,2025-02-28,R5,V7,morning,33.6,67,79.5,1,4,41,1,True,5,False,2.82
D014,Driver_14,2025-01-28,R5,V10,morning,27.3,39,39.9,1,1,0,1,False,1,False,4.65
D019,Driver_19,2025-03-04,R1,V2,night,40.5,82,73.4,3,0,48,3,True,1,True,2.31
D015,Driver_15,2025-01-03,R1,V7,morning,10.6,79,50.9,1,0,66,1,False,0,False,2.82
D005,Driver_5,2025-03-25,R1,V6,afternoon,18.6,80,81.4,2,1,66,2,True,2,False,2.32
D003,Driver_3,2025-02-17,R3,V4,afternoon,34.9,63,23.6,3,2,0,3,False,2,False,4.1
D003,Driver_3,2025-01-13,R2,V9,night,5.0,50,29.3,1,1,39,1,False,1,False,3.48
D015,Driver_15,2025-01-02,R4,V3,afternoon,5.4,40,28.4,4,0,28,4,False,0,False,3.36
D003,Driver_3,2025-01-30,R3,V6,afternoon,22.2,69,27.2,1,1,20,1,False,1,False,4.05
D005,Driver_5,2025-02-18,R2,V2,night,39.8,71,29.3,3,3,0,3,False,3,False,3.95
D019,Driver_19,2025-01-02,R2,V3,afternoon,32.5,27,44.6,1,1,0,1,False,1,False,4.65
D020,Driver_20,2025-03-29,R2,V2,night,24.9,31,82.8,0,0,12,0,True,1,False,4.49
D013,Driver_13,2025-02-14,R3,V2,morning,48.3,38,29.8,0,0,0,0,False,0,False,5.0
D018,Driver_18,2025-03-18,R1,V5,morning,32.0,60,74.5,0,3,34,0,True,4,False,3.38
D017,Driver_17,2025-03-19,R1,V4,afternoon,27.9,71,40.7,1,1,29,1,False,1,False,3.78
D013,Driver_13,2025-01-15,R1,V6,afternoon,15.8,62,25.0,1,2,24,1,False,2,False,3.78
D005,Driver_5,2025-02-19,R2,V8,morning,43.7,57,45.6,0,1,0,0,False,1,False,4.85
D001,Driver_1,2025-03-17,R1,V7,night,8.0,34,22.8,0,1,12,0,False,1,False,4.49
D010,Driver_10,2025-03-22,R4,V2,night,37.1,72,49.7,2,0,27,2,False,0,False,3.79
D018,Driver_18,2025-03-10,R5,V4,morning,32.7,35,41.7,0,0,0,0,False,0,False,5.0
D018,Driver_18,2025-02-11,R1,V5,night,22.6,62,78.4,0,1,44,0,True,2,False,3.38
D014,Driver_14,2025-01-31,R4,V10,night,7.6,21,50.4,4,1,11,4,False,1,False,3.72
D002,Driver_2,2025-02-09,R1,V3,night,35.0,64,32.3,1,2,0,1,False,2,False,4.5
D001,Driver_1,2025-01-21,R3,V3,afternoon,27.3,41,56.2,1,3,11,1,False,3,False,4.02
D005,Driver_5,2025-02-04,R3,V7,afternoon,38.0,23,83.0,1,0,0,1,True,1,False,4.65
D017,Driver_17,2025-01-09,R4,V8,night,16.8,88,63.9,1,0,72,1,True,1,False,2.49
D012,Driver_12,2025-01-08,R3,V2,night,27.5,57,45.7,1,0,20,1,False,0,False,4.2
D004,Driver_4,2025-01-30,R1,V4,morning,38.3,15,80.1,2,2,0,2,True,3,False,4.15
D016,Driver_16,2025-02-16,R1,V9,night,22.2,26,85.2,2,0,10,2,True,1,False,4.15
D014,Driver_14,2025-01-29,R3,V2,night,19.5,46,70.4,1,0,29,1,True,1,False,3.78
D012,Driver_12,2025-01-16,R5,V1,afternoon,27.6,82,32.6,2,1,31,2,False,1,False,3.52
D003,Driver_3,2025-03-01,R1,V9,afternoon,44.0,73,41.7,4,1,9,4,False,1,False,3.78
D001,Driver_1,2025-02-17,R5,V4,afternoon,14.0,57,41.3,1,0,36,1,False,0,False,3.72
D012,Driver_12,2025-03-17,R5,V4,morning,48.7,89,74.3,3,2,49,3,True,3,True,1.98
D001,Driver_1,2025-02-22,R1,V6,morning,6.1,55,64.5,0,1,49,0,True,2,False,3.23
D013,Driver_13,2025-02-09,R4,V1,morning,9.7,54,36.7,3,0,38,3,False,0,False,3.26
D009,Driver_9,2025-01-12,R4,V6,afternoon,7.0,32,79.2,1,0,26,1,True,1,False,3.87
D003,Driver_3,2025-03-16,R1,V10,night,9.3,25,77.4,0,2,17,0,True,3,False,4.04
D002,Driver_2,2025-02-25,R3,V7,night,34.8,24,40.4,1,2,0,1,False,2,False,4.5
D011,Driver_11,2025-02-10,R2,V10,morning,25.4,32,86.0,0,0,14,0,True,1,False,4.43
D005,Driver_5,2025-01-14,R5,V6,morning,12.4,49,48.5,2,0,33,2,False,0,False,3.61
D015,Driver_15,2025-02-09,R3,V10,morning,25.9,78,26.3,0,1,18,0,False,1,False,4.31
D007,Driver_7,2025-02-11,R4,V9,morning,11.7,68,87.8,2,0,60,2,True,1,False,2.65
D010,Driver_10,2025-02-03,R4,V9,night,41.9,28,86.6,0,2,0,0,True,3,False,4.55
D018,Driver_18,2025-02-01,R1,V1,morning,9.3,22,75.6,1,2,14,1,True,3,False,3.93
D008,Driver_8,2025-01-17,R1,V10,night,13.9,45,68.0,4,1,32,4,True,2,False,2.94
D009,Driver_9,2025-01-10,R4,V3,morning,6.0,19,83.2,2,1,14,2,True,2,False,3.88
D011,Driver_11,2025-01-16,R5,V7,night,6.9,49,31.8,3,0,35,3,False,0,False,3.35
D013,Driver_13,2025-03-05,R2,V3,afternoon,6.3,66,32.1,0,2,54,0,False,2,False,3.08
D009,Driver_9,2025-02-27,R2,V5,afternoon,44.8,17,63.3,4,1,0,4,True,2,False,3.9
D014,Driver_14,2025-03-12,R4,V4,night,26.6,21,46.8,4,3,0,4,False,3,False,3.75
D017,Driver_17,2025-02-01,R4,V6,afternoon,33.4,75,75.6,0,0,48,0,True,1,False,3.41
D018,Driver_18,2025-03-04,R3,V3,morning,20.5,57,42.5,2,2,28,2,False,2,False,3.46
D011,Driver_11,2025-03-18,R1,V8,night,14.9,82,74.5,2,0,70,2,True,1,False,2.35
D012,Driver_12,2025-03-16,R2,V5,night,50.0,88,27.0,3,1,0,3,False,1,False,4.25
D002,Driver_2,2025-01-29,R2,V3,morning,30.9,88,47.2,1,0,48,1,False,0,False,3.36
D019,Driver_19,2025-02-10,R1,V6,night,41.3,67,84.0,2,1,37,2,True,2,False,3.19
D019,Driver_19,2025-01-19,R4,V9,afternoon,30.3,29,89.2,0,2,8,0,True,3,False,4.31
D006,Driver_6,2025-03-04,R1,V9,afternoon,6.7,19,62.1,0,0,12,0,True,1,False,4.49
D001,Driver_1,2025-02-12,R2,V6,morning,46.3,30,29.1,2,1,0,2,False,1,False,4.45
D001,Driver_1,2025-01-19,R5,V6,morning,31.4,83,74.2,1,1,57,1,True,2,False,2.79
D012,Driver_12,2025-03-26,R2,V3,night,22.8,22,41.1,1,0,0,1,False,0,False,4.8
D014,Driver_14,2025-03-23,R5,V10,afternoon,48.2,63,32.2,3,3,0,3,False,3,False,3.95
D008,Driver_8,2025-03-27,R3,V3,morning,31.5,28,41.5,2,1,0,2,False,1,False,4.45
D001,Driver_1,2025-03-31,R5,V1,morning,47.7,44,89.6,1,1,12,1,True,2,False,4.14
D020,Driver_20,2025-02-10,R5,V2,afternoon,46.4,87,35.5,1,1,8,1,False,1,False,4.41
D005,Driver_5,2025-02-12,R2,V2,night,38.5,32,88.8,3,0,5,3,True,1,True,3.6
D011,Driver_11,2025-02-27,R3,V5,morning,5.5,30,68.5,2,0,25,2,True,1,False,3.7
D001,Driver_1,2025-01-07,R4,V8,afternoon,22.4,69,87.8,2,2,53,2,True,3,False,2.56
D012,Driver_12,2025-03-11,R5,V4,morning,21.9,77,75.2,0,0,59,0,True,1,False,3.08
D015,Driver_15,2025-01-10,R3,V2,morning,41.0,17,21.4,1,0,0,1,False,0,False,4.8
D011,Driver_11,2025-01-22,R1,V6,night,45.0,27,25.3,5,2,0,5,False,2,False,3.7
D020,Driver_20,2025-03-03,R5,V7,morning,36.7,47,65.8,2,1,13,2,True,2,False,3.91
D002,Driver_2,2025-01-13,R5,V9,afternoon,19.9,88,48.6,0,0,63,0,False,0,False,3.11
D010,Driver_10,2025-02-08,R4,V3,morning,15.7,18,60.0,1,0,2,1,False,0,False,4.74
D012,Driver_12,2025-01-01,R5,V8,morning,24.2,37,66.3,2,0,15,2,True,1,False,4.0
D004,Driver_4,2025-01-04,R4,V2,afternoon,14.3,62,88.4,2,2,52,2,True,3,False,2.59
D013,Driver_13,2025-03-02,R5,V7,morning,27.0,64,26.4,2,0,2,2,False,0,False,4.54
D012,Driver_12,2025-02-18,R4,V5,morning,21.6,48,38.4,0,1,14,0,False,1,False,4.43
D009,Driver_9,2025-03-14,R1,V6,night,7.8,71,66.7,3,1,63,3,True,2,False,2.21
D014,Driver_14,2025-03-17,R5,V7,night,15.2,19,47.1,3,0,0,3,False,0,False,4.4
D016,Driver_16,2025-03-15,R1,V9,night,44.7,50,25.5,1,0,0,1,False,0,False,4.8
D017,Driver_17,2025-03-15,R4,V3,morning,35.5,61,28.4,2,1,0,2,False,1,False,4.45
D007,Driver_7,2025-01-25,R4,V4,night,10.7,46,89.2,1,1,38,1,True,2,False,3.36
D005,Driver_5,2025-03-18,R1,V2,afternoon,16.6,83,84.0,0,1,71,0,True,2,False,2.57
D018,Driver_18,2025-02-20,R1,V10,night,29.8,79,56.4,1,0,47,1,False,0,False,3.39
D017,Driver_17,2025-02-23,R5,V2,morning,10.1,26,59.7,1,2,15,1,False,2,False,4.05
D019,Driver_19,2025-01-13,R4,V5,afternoon,40.4,80,81.6,1,1,50,1,True,2,False,3.0
D016,Driver_16,2025-03-15,R2,V10,night,32.4,17,39.3,2,1,0,2,False,1,False,4.45
D013,Driver_13,2025-01-05,R1,V8,afternoon,22.8,80,68.3,3,0,59,3,True,1,False,2.48
D012,Driver_12,2025-01-03,R4,V2,morning,20.2,74,41.8,0,0,45,0,False,0,False,3.65
D005,Driver_5,2025-02-08,R3,V7,night,48.8,48,77.8,1,2,10,1,True,3,False,4.05
D003,Driver_3,2025-01-25,R4,V9,afternoon,24.9,83,48.5,0,2,52,0,False,2,False,3.14
D002,Driver_2,2025-03-07,R4,V3,night,40.6,19,69.7,2,1,0,2,True,2,False,4.3
D019,Driver_19,2025-01-04,R1,V4,morning,12.8,80,34.1,0,3,57,0,False,3,False,2.84
D015,Driver_15,2025-01-07,R4,V9,afternoon,46.3,67,39.2,2,0,0,2,False,0,False,4.6
D004,Driver_4,2025-03-29,R2,V8,night,6.4,42,61.6,2,0,35,2,True,1,False,3.4
D018,Driver_18,2025-02-14,R1,V5,morning,20.5,77,38.1,1,0,44,1,False,0,False,3.48
D013,Driver_13,2025-01-07,R2,V4,night,12.3,57,87.5,0,0,48,0,True,1,False,3.41
D007,Driver_7,2025-02-04,R1,V8,morning,34.3,53,80.5,2,3,27,2,True,4,False,3.19
D006,Driver_6,2025-03-18,R3,V5,afternoon,41.0,31,62.6,3,0,0,3,True,1,False,4.25
D013,Driver_13,2025-02-14,R5,V10,afternoon,25.7,31,41.2,3,0,0,3,False,0,False,4.4
D019,Driver_19,2025-01-14,R3,V9,night,5.3,89,87.7,2,2,85,2,True,3,False,1.6
D020,Driver_20,2025-03-19,R3,V5,night,17.7,66,53.7,1,2,46,1,False,2,False,3.12
D011,Driver_11,2025-02-05,R3,V4,morning,16.8,68,82.5,3,0,55,3,True,1,True,2.1
D017,Driver_17,2025-01-31,R5,V7,night,45.5,75,76.2,2,2,39,2,True,3,False,2.98
D011,Driver_11,2025-03-29,R3,V5,afternoon,11.3,16,54.8,1,0,3,1,False,0,False,4.71
D013,Driver_13,2025-02-19,R2,V6,night,38.2,58,89.6,0,2,32,0,True,3,False,3.59
D008,Driver_8,2025-03-29,R3,V9,afternoon,29.1,73,83.5,2,2,52,2,True,3,False,2.59
D006,Driver_6,2025-03-26,R2,V5,night,44.4,28,26.8,4,0,0,4,False,0,False,4.2
D018,Driver_18,2025-01-24,R2,V6,morning,47.6,82,65.8,2,0,38,2,True,1,False,3.31
D010,Driver_10,2025-02-23,R3,V8,morning,40.5,39,38.2,2,1,0,2,False,1,False,4.45
D016,Driver_16,2025-01-07,R1,V8,morning,44.0,58,86.1,1,3,27,1,True,4,False,3.39
D017,Driver_17,2025-01-16,R1,V3,morning,44.0,43,40.9,1,2,0,1,False,2,False,4.5
D007,Driver_7,2025-02-13,R4,V3,afternoon,23.4,57,83.5,2,0,40,2,True,1,False,3.25
D006,Driver_6,2025-01-11,R1,V1,afternoon,26.9,62,32.4,2,0,12,2,False,0,False,4.24
D009,Driver_9,2025-01-27,R4,V2,morning,39.3,27,73.5,0,0,0,0,True,1,False,4.85
D020,Driver_20,2025-02-25,R4,V1,morning,33.5,45,87.6,2,1,22,2,True,2,False,3.64
D018,Driver_18,2025-01-26,R5,V4,morning,37.9,86,82.4,4,1,58,4,True,2,True,1.66
D001,Driver_1,2025-03-22,R3,V3,morning,38.0,31,81.4,1,0,2,1,True,1,False,4.59
D013,Driver_13,2025-03-06,R3,V5,afternoon,31.5,27,77.7,1,1,2,1,True,2,False,4.44
D017,Driver_17,2025-03-18,R2,V6,afternoon,28.6,47,68.1,3,0,21,3,True,1,False,3.62
D012,Driver_12,2025-01-25,R1,V4,morning,12.4,83,76.8,0,0,73,0,True,1,False,2.66
D005,Driver_5,2025-01-28,R3,V1,afternoon,38.0,59,31.8,5,0,0,5,False,0,False,4.0
D009,Driver_9,2025-03-10,R1,V1,morning,33.0,59,23.4,3,1,0,3,False,1,False,4.25
D004,Driver_4,2025-02-23,R2,V4,night,25.0,24,37.7,2,1,0,2,False,1,False,4.45
D001,Driver_1,2025-02-08,R5,V10,night,23.9,22,56.4,1,2,0,1,False,2,False,4.5
D005,Driver_5,2025-02-23,R1,V5,morning,42.4,22,70.3,3,1,0,3,True,2,True,3.6
D004,Driver_4,2025-03-05,R5,V4,afternoon,13.9,29,38.4,2,1,7,2,False,1,False,4.24
D014,Driver_14,2025-02-07,R4,V6,morning,12.2,56,83.7,1,2,47,1,True,3,False,2.94
D001,Driver_1,2025-01-02,R4,V3,morning,35.2,83,78.5,1,1,56,1,True,2,False,2.82
